lost_events,navigations,navigations_started_before_window
0,10199,6
1,46,5
2,15,2
3,8,1
4,7,0
5,1,1
6,2,0
7,1,0
8,2,1
9,1,0
11,1,1
12,3,1
13,5,2
14,6,2
15,8,5
16,4,3
17,7,6
18,5,1
19,4,2
20,8,4
21,6,4
22,6,5
23,1,0
24,3,1
25,4,3
26,2,1
27,3,2
28,3,3
29,3,2
30,1,1
31,1,1
32,4,4
35,3,3
36,2,2
37,5,4
38,1,1
39,2,2
40,1,1
41,2,2
42,2,1
43,5,5
44,1,1
45,3,3
46,4,3
47,3,3
48,4,4
49,1,1
51,2,2
54,1,1
55,1,1
57,1,0
62,2,2
66,1,1
68,1,1
71,1,1
72,1,1
74,1,1
75,2,2
76,1,1
77,4,3
80,1,1
82,1,0
83,1,1
86,1,1
90,1,1
94,1,0
99,1,1
100,1,1
107,1,1
108,1,1
109,1,1
110,1,1
116,1,1
125,1,1
129,1,1
136,2,1
137,1,1
140,1,1
148,1,0
158,1,1
195,1,1
253,1,0
266,1,1
363,1,1
733,1,1
