navigation,hw_type,has_request,first_serial_id,first_event_type,received_events,implied_start,started_before_window
65,unknown,False,55,box-change,1,2022-05-11 20:09:22.641239,True
108,unknown,False,32,mouse-down,2,2022-05-11 20:59:57.941695,True
240,unknown,False,20,box-change,15,2022-05-11 20:59:35.907200,True
269,unknown,False,15,mouse-down,21,2022-05-11 20:59:08.534826,True
559,unknown,False,27,page-change,52,2022-05-11 20:58:18.796699,True
641,unknown,False,75,box-change,115,2022-05-11 20:59:13.327900,True
672,unknown,False,25,page-change,51,2022-05-11 20:59:36.204645,True
718,unknown,False,21,page-change,3,2022-05-11 20:48:11.385723,True
830,unknown,False,47,box-change,14,2022-05-11 20:27:22.603851,True
859,unknown,False,37,box-change,21,2022-05-11 20:58:38.305961,True
861,unknown,False,22,box-change,6,2022-05-11 20:59:46.127945,True
883,unknown,False,18,box-change,1,2022-05-11 21:00:53.066493,False
993,unknown,False,86,box-change,15,2022-05-11 20:57:07.655339,True
1117,unknown,False,11,box-change,7,2022-05-11 20:59:53.900241,True
1172,unknown,False,20,mouse-down,2,2022-05-11 20:59:22.948327,True
1176,unknown,False,13,mouse-down,1,2022-05-11 20:54:18.340229,True
1297,unknown,False,29,box-change,16,2022-05-11 20:59:47.453523,True
1406,unknown,False,109,box-change,1,2022-05-11 20:56:06.373659,True
1641,unknown,False,15,mouse-down,3,2022-05-11 20:59:01.456289,True
1642,unknown,False,363,box-change,12,2022-05-11 20:55:19.004647,True
1852,unknown,False,90,mouse-down,1,2022-05-11 20:57:55.089275,True
1854,unknown,False,37,box-change,14,2022-05-11 20:58:57.866246,True
1865,unknown,False,110,box-change,10,2022-05-11 20:58:34.334184,True
2007,unknown,False,45,mouse-down,1,2022-05-11 20:59:52.529393,True
2022,unknown,False,125,box-change,5,2022-05-11 19:49:25.600538,True
2032,unknown,False,107,box-change,40,2022-05-11 20:59:31.186179,True
2071,unknown,False,72,box-change,3,2022-05-11 20:59:16.937138,True
2274,unknown,False,253,box-change,69,2022-05-11 21:11:19.471516,False
2280,unknown,False,100,box-change,49,2022-05-11 20:53:55.191824,True
2301,unknown,False,68,box-change,8,2022-05-11 20:55:31.002639,True
2304,unknown,False,1,page-change,17,2022-05-11 20:59:58.159081,True
2339,unknown,False,14,box-change,49,2022-05-11 21:02:07.811370,False
2434,unknown,False,32,box-change,27,2022-05-11 20:59:42.395434,True
2466,unknown,False,43,page-change,2,2022-05-11 20:59:17.825575,True
2587,unknown,False,37,box-change,35,2022-05-11 20:57:06.718845,True
2720,unknown,False,51,mouse-down,2,2022-05-11 20:50:33.195656,True
2736,unknown,False,28,box-change,12,2022-05-11 20:59:48.457136,True
2752,unknown,False,22,page-change,3,2022-05-11 19:34:04.757990,True
2819,phone,True,1,page-change,1,2022-05-11 21:15:07.868905,False
2972,unknown,False,51,page-change,1,2022-05-11 18:21:14.884020,True
3004,unknown,False,9,box-change,4,2022-05-11 21:01:09.034731,False
3013,unknown,False,24,box-change,93,2022-05-11 20:59:50.216641,True
3134,unknown,False,62,mouse-down,2,2022-05-11 20:59:37.760208,True
3214,unknown,False,17,box-change,2,2022-05-11 20:59:29.925303,True
3223,unknown,False,129,mouse-down,8,2022-05-11 18:15:06.791640,True
3297,unknown,False,5,box-change,9,2022-05-11 20:37:51.080975,True
3486,unknown,False,71,mouse-down,4,2022-05-11 20:59:27.125850,True
3501,unknown,False,83,mouse-down,1,2022-05-11 20:59:46.568999,True
3564,unknown,False,44,box-change,20,2022-05-11 20:47:11.319056,True
3641,unknown,False,43,box-change,3,2022-05-11 20:59:43.407826,True
3696,unknown,False,43,box-change,24,2022-05-11 20:59:06.921258,True
3762,unknown,False,38,mouse-down,1,2022-05-11 19:09:27.095478,True
3820,unknown,False,136,box-change,8,2022-05-11 21:04:36.834459,False
3821,unknown,False,40,box-change,10,2022-05-11 20:17:08.295803,True
3853,unknown,False,62,mouse-down,1,2022-05-11 20:48:10.991669,True
3918,unknown,False,733,box-change,75,2022-05-11 19:11:47.824139,True
3967,unknown,False,1,page-change,27,2022-05-11 20:59:56.636126,True
4306,unknown,False,46,box-change,12,2022-05-11 20:59:30.611803,True
4429,unknown,False,1,box-create,10,2022-05-11 21:00:00.133572,False
4434,unknown,False,76,box-change,2,2022-05-11 20:58:47.522417,True
4466,unknown,False,137,box-change,3,2022-05-11 20:47:57.120231,True
4487,unknown,False,12,page-change,21,2022-05-11 20:59:55.015493,True
4682,unknown,False,2,page-change,11,2022-05-11 21:06:30.355312,False
4684,unknown,False,80,box-change,60,2022-05-11 20:58:52.946402,True
4712,unknown,False,15,box-change,31,2022-05-11 20:59:55.754153,True
4807,unknown,False,19,page-change,36,2022-05-11 20:58:35.415277,True
4818,unknown,False,77,mouse-down,1,2022-05-11 20:16:55.292924,True
4832,unknown,False,158,box-change,50,2022-05-11 20:53:34.531746,True
4865,phone,True,19,box-change,16,2022-05-11 21:34:41.569526,False
4895,unknown,False,14,page-change,1,2022-05-11 21:19:51.606100,False
4921,unknown,False,26,mouse-down,2,2022-05-11 10:04:35.712115,True
4925,unknown,False,41,box-change,15,2022-05-11 10:44:03.097010,True
5124,unknown,False,35,box-change,26,2022-05-11 20:59:43.361736,True
5213,unknown,False,48,box-change,31,2022-05-11 20:59:04.119957,True
5343,desktop,True,21,mouse-down,1,2022-05-11 21:38:31.245719,False
5397,unknown,False,21,mouse-down,47,2022-05-11 19:00:36.542536,True
5449,unknown,False,75,mouse-down,1,2022-05-11 20:59:05.697977,True
5477,unknown,False,36,box-change,13,2022-05-11 20:59:49.300730,True
5486,phone,True,77,box-change,13,2022-05-11 21:16:38.630929,False
5500,unknown,False,46,box-change,10,2022-05-11 20:57:07.438100,True
5574,unknown,False,37,mouse-down,1,2022-05-11 21:15:49.396648,False
5737,unknown,False,41,mouse-down,1,2022-05-11 20:59:04.839342,True
5741,unknown,False,22,page-change,4,2022-05-11 19:49:47.237584,True
5815,unknown,False,47,page-change,7,2022-05-11 20:43:40.535887,True
5871,unknown,False,57,box-change,12,2022-05-11 21:17:45.988219,False
5893,unknown,False,99,box-change,93,2022-05-11 20:44:42.440473,True
5899,unknown,False,22,box-change,3,2022-05-11 20:52:44.593318,True
5915,unknown,False,29,box-change,18,2022-05-11 20:59:55.683561,True
6054,unknown,False,32,box-change,3,2022-05-11 20:59:09.367632,True
6146,unknown,False,148,box-change,50,2022-05-11 21:13:05.982014,False
6240,unknown,False,43,box-change,52,2022-05-11 20:59:21.213835,True
6465,unknown,False,28,box-change,24,2022-05-11 20:59:44.320410,True
6486,unknown,False,48,box-change,5,2022-05-11 20:40:56.753996,True
6584,unknown,False,48,page-change,30,2022-05-11 19:53:03.533699,True
6620,unknown,False,30,mouse-down,80,2022-05-11 20:59:40.169015,True
6635,unknown,False,108,page-change,1,2022-05-11 20:48:47.468762,True
6697,unknown,False,20,mouse-down,13,2022-05-11 20:59:09.845231,True
6756,unknown,False,15,mouse-down,7,2022-05-11 21:02:52.008778,False
6809,unknown,False,14,box-change,13,2022-05-11 20:59:54.292713,True
6989,unknown,False,39,box-change,6,2022-05-11 20:59:14.908841,True
6991,unknown,False,37,box-change,11,2022-05-11 20:59:29.937401,True
7004,unknown,False,17,mouse-down,1,2022-05-11 20:24:50.153192,True
7074,unknown,False,27,box-change,8,2022-05-11 20:55:02.400115,True
7127,unknown,False,39,box-change,27,2022-05-11 20:57:51.159631,True
7215,unknown,False,16,box-create,128,2022-05-11 20:59:47.815180,True
7229,unknown,False,77,page-change,12,2022-05-11 20:39:38.656704,True
7255,unknown,False,15,box-change,60,2022-05-11 21:08:07.281712,False
7300,unknown,False,21,mouse-down,1,2022-05-11 20:59:57.284154,True
7423,unknown,False,46,box-change,42,2022-05-11 20:59:08.375291,True
7448,unknown,False,138,box-change,122,2022-05-11 20:59:21.767943,True
7458,unknown,False,15,mouse-down,16,2022-05-11 13:57:25.129497,True
7475,unknown,False,17,box-change,1,2022-05-11 20:00:59.673305,True
7497,unknown,False,29,mouse-down,1,2022-05-11 21:02:39.286571,False
7519,unknown,False,266,mouse-down,2,2022-05-11 20:36:33.543161,True
7604,unknown,False,94,page-change,5,2022-05-11 21:12:43.478498,False
7666,unknown,False,17,page-change,5,2022-05-11 19:59:17.827337,True
7830,unknown,False,77,box-change,3,2022-05-11 20:57:34.146469,True
7839,unknown,False,15,mouse-down,1,2022-05-11 20:59:44.946232,True
7844,unknown,False,2,mouse-down,2,2022-05-11 20:58:45.272952,True
8000,unknown,False,2,mouse-down,1,2022-05-11 20:59:54.894119,True
8049,unknown,False,19,mouse-down,11,2022-05-11 20:59:47.770207,True
8248,unknown,False,36,box-change,10,2022-05-11 20:31:05.708168,True
8272,unknown,False,16,box-change,1,2022-05-11 20:56:26.747267,True
8385,unknown,False,25,mouse-down,1,2022-05-11 20:59:48.612070,True
8399,unknown,False,47,box-change,45,2022-05-11 20:59:08.642954,True
8433,unknown,False,25,box-change,46,2022-05-11 20:59:56.713935,True
8548,unknown,False,116,box-change,76,2022-05-11 20:55:33.652342,True
8622,unknown,False,3,page-change,2,2022-05-11 20:59:47.796895,True
8708,unknown,False,1,page-change,69,2022-05-11 20:59:58.855621,True
8717,unknown,False,32,mouse-down,18,2022-05-11 20:21:02.848454,True
8737,unknown,False,21,mouse-down,1,2022-05-11 20:59:50.129897,True
8851,unknown,False,43,page-change,18,2022-05-11 20:52:09.015913,True
8889,unknown,False,17,page-change,7,2022-05-11 20:56:39.587217,True
8916,unknown,False,8,page-change,6,2022-05-11 20:19:02.038544,True
8970,unknown,False,49,box-change,108,2022-05-11 20:58:41.326796,True
8980,unknown,False,35,mouse-down,231,2022-05-11 20:58:58.872530,True
9086,unknown,False,136,box-change,104,2022-05-11 19:38:39.955021,True
9105,unknown,False,42,box-change,5,2022-05-11 20:59:06.650634,True
9145,unknown,False,54,box-change,61,2022-05-11 20:59:48.507257,True
9150,unknown,False,16,page-change,7,2022-05-11 21:07:22.610711,False
9200,unknown,False,18,box-create,74,2022-05-11 20:59:22.831851,True
9299,unknown,False,22,box-change,50,2022-05-11 21:01:51.101748,False
9356,unknown,False,195,mouse-down,42,2022-05-11 19:54:39.502604,True
9390,unknown,False,17,page-change,7,2022-05-11 21:02:48.282466,False
9423,unknown,False,45,box-change,39,2022-05-11 20:59:38.010505,True
9488,unknown,False,48,box-change,18,2022-05-11 19:39:32.077459,True
9715,unknown,False,16,box-change,26,2022-05-11 20:59:56.487052,True
9757,unknown,False,46,mouse-down,1,2022-05-11 21:06:21.775993,False
9773,unknown,False,45,box-change,16,2022-05-11 20:59:16.386207,True
9804,unknown,False,28,mouse-down,1,2022-05-11 20:55:46.749167,True
9835,unknown,False,31,box-change,18,2022-05-11 20:42:14.774994,True
9920,unknown,False,14,page-change,8,2022-05-11 20:47:55.125315,True
9986,unknown,False,17,box-change,50,2022-05-11 20:59:56.553699,True
10176,unknown,False,35,mouse-down,1,2022-05-11 20:59:26.732747,True
10211,unknown,False,74,box-change,44,2022-05-11 20:57:03.221696,True
10260,unknown,False,22,box-change,4,2022-05-11 20:59:38.379752,True
10266,unknown,False,20,mouse-down,2,2022-05-11 20:59:39.343939,True
10267,unknown,False,26,box-change,4,2022-05-11 21:13:34.697528,False
10269,unknown,False,13,box-change,19,2022-05-11 20:59:42.792617,True
10281,unknown,False,1,page-change,14,2022-05-11 20:59:57.387160,True
10344,unknown,False,82,page-change,25,2022-05-11 21:35:19.875305,False
10346,unknown,False,66,box-change,226,2022-05-11 20:55:06.047771,True
10423,unknown,False,1,page-change,12,2022-05-11 20:56:03.836071,True
