navigation,hw_type,has_request,first_serial_id,last_serial_id,received_events,missing_prefix,missing_inner,lost_events,duplicate_events,started_before_window
4,phone,True,0,26,15,0,12,12,0,False
244,phone,True,0,21,16,0,6,6,0,False
507,phone,True,0,785,762,0,24,24,0,False
617,phone,True,0,113,113,0,1,1,0,False
1208,phone,True,0,13,13,0,1,1,0,False
1659,phone,True,0,103,102,0,2,2,0,False
1831,phone,True,0,80,80,0,1,1,0,False
1938,phone,True,0,89,89,0,1,1,0,False
2153,phone,True,0,74,74,0,1,1,0,False
2367,phone,True,0,31,28,0,4,4,0,False
2604,phone,True,0,70,70,0,1,1,0,False
2635,phone,True,0,243,240,0,4,4,0,False
2819,phone,True,1,1,1,1,0,1,0,False
3114,phone,True,0,4,2,0,3,3,0,False
3259,phone,True,0,75,74,0,2,2,0,False
3315,phone,True,0,14,2,0,13,13,0,False
3457,phone,True,0,127,124,0,4,4,0,False
3751,phone,True,0,223,222,0,2,2,0,False
3779,phone,True,0,142,142,0,1,1,0,False
3969,phone,True,0,56,55,0,2,2,0,False
4065,phone,True,0,256,256,0,1,1,0,False
4146,phone,True,0,100,100,0,1,1,0,False
4204,phone,True,0,16,16,0,1,1,0,False
4370,phone,True,0,3,2,0,2,2,0,False
4496,phone,True,0,145,145,0,1,1,0,False
4661,phone,True,0,2,2,0,1,1,0,False
4858,phone,True,0,3,2,0,2,2,0,False
4865,phone,True,19,34,16,19,0,19,0,False
4873,phone,True,0,25,22,0,4,4,0,False
5288,phone,True,0,14,2,0,13,13,0,False
5320,phone,True,0,43,2,0,42,42,0,False
5324,phone,True,0,9,9,0,1,1,0,False
5486,phone,True,77,89,13,77,0,77,0,False
5744,phone,True,0,91,88,0,4,4,0,False
5750,phone,True,0,2,2,0,1,1,0,False
6245,phone,True,0,3,2,0,2,2,0,False
6246,phone,True,0,61,58,0,4,4,0,False
6508,phone,True,0,14,2,0,13,13,0,False
6510,phone,True,0,150,150,0,1,1,0,False
6916,phone,True,0,71,69,0,3,3,0,False
7012,phone,True,0,4,2,0,3,3,0,False
7177,phone,True,0,2,2,0,1,1,0,False
7291,phone,True,0,22,2,0,21,21,0,False
7603,phone,True,0,13,13,0,1,1,0,False
7610,phone,True,0,111,111,0,1,1,0,False
7756,phone,True,0,26,26,0,1,1,0,False
7925,phone,True,0,116,114,0,3,3,0,False
8113,phone,True,0,2,2,0,1,1,0,False
8557,phone,True,0,20,17,0,4,4,0,False
8687,phone,True,0,15,2,0,14,14,0,False
8787,phone,True,0,200,199,0,2,2,0,False
8807,phone,True,0,246,240,0,7,7,0,False
9048,phone,True,0,84,84,0,1,1,0,False
9359,phone,True,0,92,87,0,6,6,0,False
9403,phone,True,0,24,23,0,2,2,0,False
9802,phone,True,0,20,20,0,1,1,0,False
9989,phone,True,0,171,171,0,1,1,0,False
10110,phone,True,0,37,37,0,1,1,0,False
10126,phone,True,0,61,61,0,1,1,0,False
10335,phone,True,0,147,147,0,1,1,0,False
10380,phone,True,0,68,61,0,8,8,0,False
